﻿product_code,prod_name,url,link,manufacturer,service_plan,serv_price,price_2019Q1,price_2019Q2,price_2019Q3,price_2019Q4,price_2020Q1,price_2020Q2,price_2020Q3,price_2020Q4
PROD_006,ZT2000 Zero Turn Mower,https://www.bobcat.com/mowers/zero-turn-mowers/zt2000,ZT2000 Zero Turn Mower,Bobcat,ESP_006,372,4575,4575,4575,4575,4649,4649,4649,4649
PROD_005,UV34 Gas ,https://www.bobcat.com/utility-products/utv/UV34/UV34-gas-utv,UV34 Gas ,Bobcat,ESP_005,843,13995,13995,13995,13995,14225,14225,14225,14225
PROD_004,CT1021 Sub-Compact Tractor,https://www.bobcat.com/tractors/models/ct1021/features,CT1021 Sub-Compact Tractor,Bobcat,ESP_004,843,11385,11385,11385,11385,11527,11527,11527,11527
PROD_007,S70 Skid Steer Loader,https://www.bobcat.com/loaders/skid-steer-loaders/models/s70/features,S70 Skid Steer Loader,Bobcat,ESP_007,1027,22987,22987,22987,22987,23120,23120,23120,23120
PROD_002,CUV82,https://www.cat.com/en_US/products/new/equipment/utility-vehicles/utility-vehicles/1000034280.html,CUV82,Cat,ESP_002,843,14786,14786,14786,14786,14998,14998,14998,14998
PROD_001,Gator XUV 590M,https://e-marketing.deere.com/store/landpro-equipmentalexander-ny/ViewAllProducts.do,Gator XUV 590M,John Deere,ESP_001,843,12449,12449,12449,12449,12499,12499,12499,12499
PROD_008,Z930M Ztrack,https://e-marketing.deere.com/store/landpro-equipmentalexander-ny/ViewAllProducts.do,Z930M Ztrack,John Deere,ESP_008,843,11589,11589,11589,11589,11689,11689,11689,11689
PROD_003,1025R Sub-Compact Tractor,https://e-marketing.deere.com/store/landpro-equipmentalexander-ny/ViewAllProducts.do,1025R Sub-Compact Tractor,John Deere,ESP_003,978,14999,14999,14999,14999,15066,15066,15066,15066
